[
{"type":"header","version":"5.0.2","comment":"Export to JSON plugin for PHPMyAdmin"},
{"type":"database","name":"dm-corner"},
{"type":"table","name":"buildings","database":"dm-corner","data":
[

]
}
,{"type":"table","name":"campaigns","database":"dm-corner","data":
[

]
}
,{"type":"table","name":"loot","database":"dm-corner","data":
[

]
}
,{"type":"table","name":"npcs","database":"dm-corner","data":
[

]
}
,{"type":"table","name":"places","database":"dm-corner","data":
[

]
}
,{"type":"table","name":"place_notes","database":"dm-corner","data":
[

]
}
,{"type":"table","name":"players","database":"dm-corner","data":
[

]
}
,{"type":"table","name":"quests","database":"dm-corner","data":
[

]
}
,{"type":"table","name":"regions","database":"dm-corner","data":
[

]
}
,{"type":"table","name":"sessions","database":"dm-corner","data":
[

]
}
,{"type":"table","name":"story","database":"dm-corner","data":
[

]
}
,{"type":"table","name":"user","database":"dm-corner","data":
[

]
}
]
